{
  "model_name": "state-spaces/mamba-130m-hf",
  "attention_analysis": {
    "attention_weighted": {
      "0": {
        "num_neurons": 8,
        "mean_activation": 0.05218632519245148,
        "activation_std": 1.4080273613714667e-09,
        "neuron_diversity": 2.0794413089752197
      },
      "6": {
        "num_neurons": 8,
        "mean_activation": 0.043508611619472504,
        "activation_std": 4.669898689968477e-09,
        "neuron_diversity": 2.0794413089752197
      },
      "12": {
        "num_neurons": 8,
        "mean_activation": 0.026966674253344536,
        "activation_std": 2.1120409865460488e-09,
        "neuron_diversity": 2.0794413089752197
      },
      "18": {
        "num_neurons": 8,
        "mean_activation": 0.06403803825378418,
        "activation_std": 4.877549919513058e-09,
        "neuron_diversity": 2.0794413089752197
      }
    },
    "gradient_guided": {
      "0": {
        "num_neurons": 8,
        "mean_activation": 0.001953125,
        "activation_std": 4.4000855042858333e-11,
        "neuron_diversity": 2.0794413089752197
      },
      "6": {
        "num_neurons": 8,
        "mean_activation": 0.001953125,
        "activation_std": 1.3200256165912805e-10,
        "neuron_diversity": 2.0794413089752197
      },
      "12": {
        "num_neurons": 8,
        "mean_activation": 0.001953125,
        "activation_std": 1.3200256165912805e-10,
        "neuron_diversity": 2.0794413089752197
      },
      "18": {
        "num_neurons": 8,
        "mean_activation": 0.001953125,
        "activation_std": 6.222660581256534e-11,
        "neuron_diversity": 2.0794413089752197
      }
    },
    "rollout": {
      "0": {
        "num_neurons": 8,
        "mean_activation": 0.001953125,
        "activation_std": 4.4000855042858333e-11,
        "neuron_diversity": 2.0794413089752197
      },
      "6": {
        "num_neurons": 8,
        "mean_activation": 0.001953125,
        "activation_std": 1.3200256165912805e-10,
        "neuron_diversity": 2.0794413089752197
      },
      "12": {
        "num_neurons": 8,
        "mean_activation": 0.001953125,
        "activation_std": 1.3200256165912805e-10,
        "neuron_diversity": 2.0794413089752197
      },
      "18": {
        "num_neurons": 8,
        "mean_activation": 0.001953125,
        "activation_std": 6.222660581256534e-11,
        "neuron_diversity": 2.0794413089752197
      }
    }
  },
  "attention_data_keys": [
    0,
    6,
    12,
    18
  ],
  "mamba_neurons_methods": [
    "attention_weighted",
    "gradient_guided",
    "rollout"
  ],
  "analysis_type": "attention_weighted_mechanism",
  "timestamp": "2025-08-26T15:56:18.713299"
}