{
  "analysis_timestamp": "2025-07-10T15:13:04.960160",
  "model_name": "state-spaces/mamba-130m-hf",
  "specialty_neurons": {
    "factual": [
      [
        175,
        0.5910129547119141
      ],
      [
        485,
        0.4087161719799042
      ],
      [
        300,
        0.39165496826171875
      ],
      [
        166,
        0.35527727007865906
      ],
      [
        446,
        0.3079414367675781
      ],
      [
        472,
        0.295702189207077
      ],
      [
        501,
        0.2939893901348114
      ],
      [
        568,
        0.29254746437072754
      ]
    ],
    "narrative": [
      [
        166,
        0.522871196269989
      ],
      [
        560,
        0.5137768983840942
      ],
      [
        485,
        0.4087161719799042
      ],
      [
        446,
        0.3853604793548584
      ],
      [
        394,
        0.3839287757873535
      ],
      [
        175,
        0.3534426689147949
      ],
      [
        428,
        0.31628483533859253
      ],
      [
        501,
        0.2939893901348114
      ]
    ],
    "technical": [
      [
        175,
        0.5910129547119141
      ],
      [
        166,
        0.522871196269989
      ],
      [
        560,
        0.5137768983840942
      ],
      [
        300,
        0.39165496826171875
      ],
      [
        446,
        0.3853604793548584
      ],
      [
        394,
        0.3839287757873535
      ],
      [
        428,
        0.31628483533859253
      ],
      [
        485,
        0.30107179284095764
      ]
    ]
  },
  "template_robustness": {
    "P176": {
      "mean_fact_correlation": 0.8683829233003573,
      "std_fact_correlation": 0.046084033222771964,
      "mean_specialty_correlation": 0.9841751281518629,
      "std_specialty_correlation": 0.003980757618220718,
      "num_facts_analyzed": 5,
      "relation_type": "P176",
      "relation_name": "manufacturer"
    },
    "P463": {
      "mean_fact_correlation": 0.8681092512230464,
      "std_fact_correlation": 0.01778955101233614,
      "mean_specialty_correlation": 0.9679903999226948,
      "std_specialty_correlation": 0.0071610192068442,
      "num_facts_analyzed": 5,
      "relation_type": "P463",
      "relation_name": "member_of"
    },
    "P407": {
      "mean_fact_correlation": 0.9140120009012014,
      "std_fact_correlation": 0.021707363813458017,
      "mean_specialty_correlation": 0.9896124623591804,
      "std_specialty_correlation": 0.0030315280515703317,
      "num_facts_analyzed": 5,
      "relation_type": "P407",
      "relation_name": "language_of_work"
    }
  },
  "typo_robustness_summary": {
    "tested_typo_types": [],
    "overall_consistency": {}
  },
  "delta_sensitivity": {
    "top_neurons": [
      [
        1474,
        0.06028105691075325
      ],
      [
        888,
        0.05495269224047661
      ],
      [
        1278,
        0.048070911318063736
      ],
      [
        528,
        0.0361783429980278
      ],
      [
        1227,
        0.03561404347419739
      ],
      [
        263,
        0.03523491695523262
      ],
      [
        15,
        0.031220242381095886
      ],
      [
        1442,
        0.025147929787635803
      ]
    ]
  },
  "delta_transformer_sensitivity": {
    "top_neurons": []
  },
  "knowledge_neuron_overlap": {
    "intra_relation": {
      "num_pairs": 0,
      "avg_overlap_pct": 0,
      "avg_intersection_size": 0
    },
    "inter_relation": {
      "num_pairs": 0,
      "avg_overlap_pct": 0,
      "avg_intersection_size": 0
    }
  }
}