{
  "delta_results": [
    [
      300,
      0.006744877900928259
    ],
    [
      166,
      0.002365666441619396
    ],
    [
      446,
      0.0019066185923293233
    ],
    [
      175,
      0.0017094839131459594
    ],
    [
      101,
      0.0011047777952626348
    ],
    [
      560,
      0.0010881390189751983
    ],
    [
      14,
      0.001079163746908307
    ],
    [
      93,
      0.0010749055072665215
    ],
    [
      384,
      0.0008807419217191637
    ],
    [
      485,
      0.0008379436330869794
    ]
  ],
  "high_var_neurons": [
    300,
    166,
    446,
    175,
    101
  ]
}