{
  "analysis_timestamp": "2025-08-30T22:40:38.779130",
  "model_name": "gpt2",
  "attention_weight_neurons": {
    "factual": [
      [
        138,
        0.17740321159362793
      ],
      [
        674,
        0.16802608966827393
      ],
      [
        695,
        0.16107189655303955
      ],
      [
        758,
        0.1539027988910675
      ],
      [
        189,
        0.1496225893497467
      ],
      [
        449,
        0.148199662566185
      ],
      [
        501,
        0.14808347821235657
      ],
      [
        191,
        0.1477900743484497
      ]
    ],
    "narrative": [
      [
        138,
        0.2583743631839752
      ],
      [
        480,
        0.2023591697216034
      ],
      [
        87,
        0.19456584751605988
      ],
      [
        266,
        0.1928749978542328
      ],
      [
        64,
        0.178850457072258
      ],
      [
        332,
        0.17616277933120728
      ],
      [
        674,
        0.16802608966827393
      ],
      [
        447,
        0.16631565988063812
      ]
    ],
    "technical": [
      [
        138,
        0.2583743631839752
      ],
      [
        480,
        0.2023591697216034
      ],
      [
        87,
        0.19456584751605988
      ],
      [
        266,
        0.1928749978542328
      ],
      [
        64,
        0.178850457072258
      ],
      [
        332,
        0.17616277933120728
      ],
      [
        447,
        0.16631565988063812
      ],
      [
        674,
        0.16328930854797363
      ]
    ]
  },
  "specialty_neurons": {
    "factual": [
      [
        138,
        0.17740321159362793
      ],
      [
        674,
        0.16802608966827393
      ],
      [
        695,
        0.16107189655303955
      ],
      [
        758,
        0.1539027988910675
      ],
      [
        189,
        0.1496225893497467
      ],
      [
        449,
        0.148199662566185
      ],
      [
        501,
        0.14808347821235657
      ],
      [
        191,
        0.1477900743484497
      ]
    ],
    "narrative": [
      [
        138,
        0.2583743631839752
      ],
      [
        480,
        0.2023591697216034
      ],
      [
        87,
        0.19456584751605988
      ],
      [
        266,
        0.1928749978542328
      ],
      [
        64,
        0.178850457072258
      ],
      [
        332,
        0.17616277933120728
      ],
      [
        674,
        0.16802608966827393
      ],
      [
        447,
        0.16631565988063812
      ]
    ],
    "technical": [
      [
        138,
        0.2583743631839752
      ],
      [
        480,
        0.2023591697216034
      ],
      [
        87,
        0.19456584751605988
      ],
      [
        266,
        0.1928749978542328
      ],
      [
        64,
        0.178850457072258
      ],
      [
        332,
        0.17616277933120728
      ],
      [
        447,
        0.16631565988063812
      ],
      [
        674,
        0.16328930854797363
      ]
    ]
  },
  "attention_analysis_methods": [
    "factual",
    "narrative",
    "technical"
  ],
  "template_robustness": {
    "P176": {
      "mean_fact_correlation": 0.9786888806524594,
      "std_fact_correlation": 0.003655871849538273,
      "mean_specialty_correlation": 0.9976896725340584,
      "std_specialty_correlation": 0.0006394991061798756,
      "num_facts_analyzed": 5,
      "relation_type": "P176",
      "relation_name": "manufacturer"
    },
    "P463": {
      "mean_fact_correlation": 0.9829714449276885,
      "std_fact_correlation": 0.00236815555630968,
      "mean_specialty_correlation": 0.9965478762249177,
      "std_specialty_correlation": 0.0006120994810965595,
      "num_facts_analyzed": 5,
      "relation_type": "P463",
      "relation_name": "member_of"
    },
    "P407": {
      "mean_fact_correlation": 0.9860596116004633,
      "std_fact_correlation": 0.006528208977433045,
      "mean_specialty_correlation": 0.9987914804148816,
      "std_specialty_correlation": 0.0004247207773209761,
      "num_facts_analyzed": 5,
      "relation_type": "P407",
      "relation_name": "language_of_work"
    }
  },
  "typo_robustness_summary": {
    "tested_typo_types": [
      "realistic",
      "random",
      "contextual"
    ],
    "overall_consistency": {
      "realistic": {
        "mean": 0.9909364581108093,
        "std": 0.005837250035256147
      },
      "random": {
        "mean": 0.9961081743240356,
        "std": 0.002325677778571844
      },
      "contextual": {
        "mean": 0.9999268054962158,
        "std": 7.911078137112781e-05
      }
    },
    "activation_counts": {
      "realistic": {
        "mean": 91.86666666666666,
        "std": 2.012185103038209
      },
      "random": {
        "mean": 91.2,
        "std": 2.5742312768410427
      },
      "contextual": {
        "mean": 89.9,
        "std": 3.259345537578569
      }
    }
  },
  "delta_sensitivity": {
    "top_neurons": [
      [
        87,
        35.98031997680664
      ],
      [
        480,
        5.341772079467773
      ],
      [
        266,
        4.610297203063965
      ],
      [
        497,
        1.9003989696502686
      ],
      [
        218,
        1.417538046836853
      ],
      [
        373,
        1.1025092601776123
      ],
      [
        464,
        1.0876144170761108
      ],
      [
        7,
        1.0493109226226807
      ]
    ]
  },
  "delta_transformer_sensitivity": {
    "top_neurons": [
      [
        138,
        0.0018647813703864813
      ],
      [
        266,
        0.0012835965026170015
      ],
      [
        480,
        0.0012695587938651443
      ],
      [
        87,
        0.0012555959401652217
      ],
      [
        64,
        0.001215502037666738
      ],
      [
        481,
        0.001059925532899797
      ],
      [
        373,
        0.001016007736325264
      ],
      [
        447,
        0.0009495190461166203
      ]
    ]
  }
}