{
  "analysis_timestamp": "2025-08-26T12:08:55.473130",
  "model_name": "state-spaces/mamba-130m-hf",
  "attention_weight_neurons": {
    "factual": [
      [
        175,
        1.5029970407485962
      ],
      [
        167,
        1.4136199951171875
      ],
      [
        566,
        1.2315504550933838
      ],
      [
        54,
        1.0190826654434204
      ],
      [
        419,
        0.7716293931007385
      ],
      [
        560,
        0.7614431977272034
      ],
      [
        23,
        0.7560557126998901
      ],
      [
        623,
        0.6985397338867188
      ]
    ],
    "narrative": [
      [
        175,
        1.5616708993911743
      ],
      [
        54,
        1.4972018003463745
      ],
      [
        167,
        1.4136199951171875
      ],
      [
        566,
        1.2315504550933838
      ],
      [
        560,
        0.8732171654701233
      ],
      [
        23,
        0.7560557126998901
      ],
      [
        728,
        0.6742897033691406
      ],
      [
        482,
        0.6580557823181152
      ]
    ],
    "technical": [
      [
        175,
        1.5616708993911743
      ],
      [
        54,
        1.4972018003463745
      ],
      [
        167,
        1.2492986917495728
      ],
      [
        560,
        0.8732171654701233
      ],
      [
        566,
        0.790488064289093
      ],
      [
        419,
        0.7716293931007385
      ],
      [
        623,
        0.6985397338867188
      ],
      [
        23,
        0.6670873165130615
      ]
    ]
  },
  "specialty_neurons": {
    "factual": [
      [
        175,
        1.5029970407485962
      ],
      [
        167,
        1.4136199951171875
      ],
      [
        566,
        1.2315504550933838
      ],
      [
        54,
        1.0190826654434204
      ],
      [
        419,
        0.7716293931007385
      ],
      [
        560,
        0.7614431977272034
      ],
      [
        23,
        0.7560557126998901
      ],
      [
        623,
        0.6985397338867188
      ]
    ],
    "narrative": [
      [
        175,
        1.5616708993911743
      ],
      [
        54,
        1.4972018003463745
      ],
      [
        167,
        1.4136199951171875
      ],
      [
        566,
        1.2315504550933838
      ],
      [
        560,
        0.8732171654701233
      ],
      [
        23,
        0.7560557126998901
      ],
      [
        728,
        0.6742897033691406
      ],
      [
        482,
        0.6580557823181152
      ]
    ],
    "technical": [
      [
        175,
        1.5616708993911743
      ],
      [
        54,
        1.4972018003463745
      ],
      [
        167,
        1.2492986917495728
      ],
      [
        560,
        0.8732171654701233
      ],
      [
        566,
        0.790488064289093
      ],
      [
        419,
        0.7716293931007385
      ],
      [
        623,
        0.6985397338867188
      ],
      [
        23,
        0.6670873165130615
      ]
    ]
  },
  "attention_analysis_methods": [
    "factual",
    "narrative",
    "technical"
  ],
  "template_robustness": {
    "P176": {
      "mean_fact_correlation": 0.8683829250612429,
      "std_fact_correlation": 0.046084050581347506,
      "mean_specialty_correlation": 0.8997024808746383,
      "std_specialty_correlation": 0.07142529223716391,
      "num_facts_analyzed": 5,
      "relation_type": "P176",
      "relation_name": "manufacturer"
    },
    "P463": {
      "mean_fact_correlation": 0.8681092438271497,
      "std_fact_correlation": 0.01778957814896856,
      "mean_specialty_correlation": 0.8742368205515894,
      "std_specialty_correlation": 0.07970251348751592,
      "num_facts_analyzed": 5,
      "relation_type": "P463",
      "relation_name": "member_of"
    },
    "P407": {
      "mean_fact_correlation": 0.9140119998392209,
      "std_fact_correlation": 0.021707360706479772,
      "mean_specialty_correlation": 0.9002301197595368,
      "std_specialty_correlation": 0.03541684831278171,
      "num_facts_analyzed": 5,
      "relation_type": "P407",
      "relation_name": "language_of_work"
    }
  },
  "typo_robustness_summary": {
    "tested_typo_types": [
      "realistic",
      "random",
      "contextual"
    ],
    "overall_consistency": {
      "realistic": {
        "mean": 0.9441653490066528,
        "std": 0.015684256330132484
      },
      "random": {
        "mean": 0.979519784450531,
        "std": 0.006112516857683659
      },
      "contextual": {
        "mean": 0.9996388554573059,
        "std": 0.0004747180500999093
      }
    }
  },
  "delta_sensitivity": {
    "top_neurons": [
      [
        1474,
        0.06519290804862976
      ],
      [
        888,
        0.056468792259693146
      ],
      [
        1227,
        0.04398281127214432
      ],
      [
        263,
        0.03703361377120018
      ],
      [
        1278,
        0.03649211302399635
      ],
      [
        528,
        0.02887195348739624
      ],
      [
        579,
        0.027248729020357132
      ],
      [
        1029,
        0.0267280675470829
      ]
    ]
  },
  "delta_transformer_sensitivity": {
    "top_neurons": [
      [
        446,
        0.04389778524637222
      ],
      [
        300,
        0.03471919894218445
      ],
      [
        560,
        0.03064780868589878
      ],
      [
        175,
        0.02478031814098358
      ],
      [
        189,
        0.01612655259668827
      ],
      [
        584,
        0.014928239397704601
      ],
      [
        249,
        0.014515755698084831
      ],
      [
        224,
        0.013766068033874035
      ]
    ]
  }
}