{
  "delta_results": [
    [
      87,
      43.76701354980469
    ],
    [
      480,
      8.047898292541504
    ],
    [
      266,
      4.5258708000183105
    ],
    [
      138,
      3.6042418479919434
    ],
    [
      497,
      1.9012269973754883
    ],
    [
      218,
      1.5226507186889648
    ],
    [
      464,
      1.4383697509765625
    ],
    [
      7,
      1.221073031425476
    ],
    [
      351,
      1.034204125404358
    ],
    [
      99,
      0.6511339545249939
    ]
  ],
  "high_var_neurons": [
    87,
    480,
    266,
    138,
    497
  ]
}